{"Mean":{"confidence_interval":{"confidence_level":0.95,"lower_bound":144560.25878656097,"upper_bound":145937.63509844965},"point_estimate":145204.98344432452,"standard_error":352.69262203359114},"Median":{"confidence_interval":{"confidence_level":0.95,"lower_bound":143936.77886029411,"upper_bound":144552.79829545456},"point_estimate":144180.32212885155,"standard_error":173.84183653537315},"MedianAbsDev":{"confidence_interval":{"confidence_level":0.95,"lower_bound":1060.2650958400054,"upper_bound":1930.2993024727607},"point_estimate":1395.0216118257752,"standard_error":228.1817009557943},"Slope":{"confidence_interval":{"confidence_level":0.95,"lower_bound":145074.5908691013,"upper_bound":147989.4932600181},"point_estimate":146457.41175040638,"standard_error":745.4289429098149},"StdDev":{"confidence_interval":{"confidence_level":0.95,"lower_bound":2275.639882994613,"upper_bound":4635.864886372061},"point_estimate":3550.8442835006504,"standard_error":604.3643390038399}}