{"Mean":{"confidence_interval":{"confidence_level":0.95,"lower_bound":1.576194053904703,"upper_bound":1.6036743199865733},"point_estimate":1.589932786758944,"standard_error":0.00708660308861652},"Median":{"confidence_interval":{"confidence_level":0.95,"lower_bound":1.569477862166306,"upper_bound":1.5878012462337545},"point_estimate":1.5789477565696117,"standard_error":0.0045258703050301465}}